{
  "Total" : {
    "transaction" : "Total",
    "sampleCount" : 500,
    "errorCount" : 0,
    "errorPct" : 0.0,
    "meanResTime" : 141.24599999999998,
    "medianResTime" : 81.0,
    "minResTime" : 71.0,
    "maxResTime" : 1926.0,
    "pct1ResTime" : 245.90000000000003,
    "pct2ResTime" : 299.4999999999999,
    "pct3ResTime" : 1768.5500000000022,
    "throughput" : 47.62358319839985,
    "receivedKBytesPerSec" : 89.83277425230973,
    "sentKBytesPerSec" : 5.95294789979998
  },
  "Get Users" : {
    "transaction" : "Get Users",
    "sampleCount" : 500,
    "errorCount" : 0,
    "errorPct" : 0.0,
    "meanResTime" : 141.24599999999998,
    "medianResTime" : 81.0,
    "minResTime" : 71.0,
    "maxResTime" : 1926.0,
    "pct1ResTime" : 245.90000000000003,
    "pct2ResTime" : 299.4999999999999,
    "pct3ResTime" : 1768.5500000000022,
    "throughput" : 47.62358319839985,
    "receivedKBytesPerSec" : 89.83277425230973,
    "sentKBytesPerSec" : 5.95294789979998
  }
}